timestamp, x, y, z
1.689068173010718464e+18,-4.080000000000000000e+02,-3.500000000000000000e+02,2.360000000000000000e+02
1.689068173010758400e+18,-4.090000000000000000e+02,-3.820000000000000000e+02,2.280000000000000000e+02
1.689068173010792448e+18,-3.890000000000000000e+02,-4.080000000000000000e+02,1.760000000000000000e+02
1.689068173010813696e+18,-3.880000000000000000e+02,-4.540000000000000000e+02,9.600000000000000000e+01
1.689068173010831360e+18,-2.850000000000000000e+02,-4.710000000000000000e+02,1.180000000000000000e+02
1.689068173010850048e+18,-2.080000000000000000e+02,-3.310000000000000000e+02,5.200000000000000000e+01
1.689068173010863872e+18,-2.210000000000000000e+02,-3.990000000000000000e+02,7.600000000000000000e+01
1.689068173010876928e+18,-2.020000000000000000e+02,-3.320000000000000000e+02,-8.000000000000000000e+00
1.689068173010890752e+18,-1.850000000000000000e+02,-3.350000000000000000e+02,-4.200000000000000000e+01
1.689068173010908416e+18,-1.920000000000000000e+02,-3.420000000000000000e+02,3.000000000000000000e+00
1.689068173010921216e+18,-1.880000000000000000e+02,-4.190000000000000000e+02,4.000000000000000000e+00
1.689068173010936576e+18,-7.200000000000000000e+01,-3.990000000000000000e+02,-3.700000000000000000e+02
1.689068173010949888e+18,-4.000000000000000000e+01,-3.260000000000000000e+02,-4.240000000000000000e+02
1.689068173010964224e+18,-8.000000000000000000e+00,-4.590000000000000000e+02,-4.450000000000000000e+02
1.689068173010980352e+18,5.600000000000000000e+01,-1.400000000000000000e+02,-4.410000000000000000e+02
1.689068173010993920e+18,8.600000000000000000e+01,-1.200000000000000000e+02,-4.160000000000000000e+02
1.689068173011006976e+18,1.110000000000000000e+02,-1.440000000000000000e+02,-4.000000000000000000e+02
1.689068173011022848e+18,1.200000000000000000e+02,-1.270000000000000000e+02,-3.080000000000000000e+02
1.689068173011039744e+18,2.060000000000000000e+02,-8.600000000000000000e+01,-3.720000000000000000e+02
1.689068173011053056e+18,2.040000000000000000e+02,-7.900000000000000000e+01,-3.330000000000000000e+02
1.689068173011065856e+18,2.160000000000000000e+02,-1.120000000000000000e+02,-3.240000000000000000e+02
1.689068173011085056e+18,2.380000000000000000e+02,-2.290000000000000000e+02,-3.170000000000000000e+02
1.689068173011097856e+18,2.710000000000000000e+02,-8.900000000000000000e+01,-2.370000000000000000e+02
1.689068173011116800e+18,2.860000000000000000e+02,-2.400000000000000000e+02,-6.100000000000000000e+01
1.689068173011129600e+18,3.260000000000000000e+02,-2.620000000000000000e+02,-9.300000000000000000e+02
1.689068173011145216e+18,3.760000000000000000e+02,-2.730000000000000000e+02,1.830000000000000000e+02
1.689068173011159296e+18,2.270000000000000000e+02,-1.880000000000000000e+02,2.870000000000000000e+02
1.689068173011175936e+18,7.300000000000000000e+01,-2.000000000000000000e+01,5.600000000000000000e+02
1.689068173011188736e+18,-1.200000000000000000e+01,-9.000000000000000000e+00,7.040000000000000000e+02
1.689068173011204864e+18,-1.130000000000000000e+02,7.000000000000000000e+00,8.710000000000000000e+02
1.689068173011217920e+18,3.550000000000000000e+02,-2.750000000000000000e+02,4.000000000000000000e+02
1.689068173011232768e+18,2.510000000000000000e+02,-3.080000000000000000e+02,2.840000000000000000e+02
1.689068173011246336e+18,2.070000000000000000e+02,-3.480000000000000000e+02,2.120000000000000000e+02
1.689068173011259392e+18,2.280000000000000000e+02,-2.460000000000000000e+02,2.140000000000000000e+02
1.689068173011273728e+18,1.720000000000000000e+02,-2.380000000000000000e+02,2.110000000000000000e+02
1.689068173011286528e+18,1.640000000000000000e+02,-3.110000000000000000e+02,2.470000000000000000e+02
1.689068173011299328e+18,1.560000000000000000e+02,-3.050000000000000000e+02,3.360000000000000000e+02
1.689068173011312384e+18,1.630000000000000000e+02,-3.240000000000000000e+02,3.760000000000000000e+02
1.689068173011326720e+18,2.160000000000000000e+02,-2.670000000000000000e+02,3.760000000000000000e+02
1.689068173011339264e+18,2.640000000000000000e+02,-3.020000000000000000e+02,4.060000000000000000e+02
1.689068173011353088e+18,3.210000000000000000e+02,-4.060000000000000000e+02,4.720000000000000000e+02
1.689068173011378432e+18,5.480000000000000000e+02,-1.180000000000000000e+02,2.160000000000000000e+02
1.689068173011397120e+18,1.590000000000000000e+02,-3.690000000000000000e+02,5.500000000000000000e+01
1.689068173011410176e+18,-1.040000000000000000e+02,-1.095000000000000000e+03,4.700000000000000000e+01
1.689068173011424000e+18,1.500000000000000000e+01,-7.990000000000000000e+02,6.200000000000000000e+01
1.689068173011438592e+18,2.800000000000000000e+02,-6.640000000000000000e+02,7.900000000000000000e+01
1.689068173011453952e+18,4.320000000000000000e+02,-2.060000000000000000e+02,1.660000000000000000e+02
1.689068173011468544e+18,4.550000000000000000e+02,-8.900000000000000000e+01,2.030000000000000000e+02
1.689068173011481344e+18,3.120000000000000000e+02,-3.800000000000000000e+01,4.270000000000000000e+02
1.689068173011493888e+18,2.400000000000000000e+02,-2.200000000000000000e+01,4.280000000000000000e+02
1.689068173011506432e+18,1.990000000000000000e+02,-2.000000000000000000e+01,4.960000000000000000e+02
1.689068173011525888e+18,1.840000000000000000e+02,-1.640000000000000000e+02,3.820000000000000000e+02
1.689068173011540224e+18,6.200000000000000000e+01,-1.790000000000000000e+02,4.010000000000000000e+02
1.689068173011553536e+18,1.610000000000000000e+02,-4.100000000000000000e+01,4.640000000000000000e+02
1.689068173011566080e+18,2.870000000000000000e+02,1.500000000000000000e+01,5.680000000000000000e+02
1.689068173011578880e+18,2.710000000000000000e+02,4.900000000000000000e+01,5.990000000000000000e+02
1.689068173011591424e+18,1.740000000000000000e+02,2.900000000000000000e+01,6.670000000000000000e+02
1.689068173011603968e+18,6.800000000000000000e+01,-1.630000000000000000e+02,7.530000000000000000e+02
1.689068173011618304e+18,-7.000000000000000000e+00,-2.060000000000000000e+02,6.490000000000000000e+02
1.689068173011636224e+18,1.050000000000000000e+02,1.680000000000000000e+02,5.470000000000000000e+02
1.689068173011648000e+18,1.790000000000000000e+02,2.370000000000000000e+02,4.310000000000000000e+02
1.689068173011660288e+18,1.880000000000000000e+02,1.730000000000000000e+02,4.030000000000000000e+02
1.689068173011672320e+18,1.310000000000000000e+02,9.700000000000000000e+01,4.550000000000000000e+02
1.689068173011684352e+18,8.600000000000000000e+01,1.800000000000000000e+01,4.870000000000000000e+02
1.689068173011696384e+18,3.900000000000000000e+01,4.000000000000000000e+01,4.650000000000000000e+02
1.689068173011709696e+18,-2.600000000000000000e+01,6.800000000000000000e+01,4.060000000000000000e+02
1.689068173011722240e+18,-1.130000000000000000e+02,4.200000000000000000e+01,3.990000000000000000e+02
1.689068173011734528e+18,-2.330000000000000000e+02,-4.000000000000000000e+01,4.540000000000000000e+02
1.689068173011746560e+18,-3.350000000000000000e+02,-9.600000000000000000e+01,5.020000000000000000e+02
1.689068173011758592e+18,-3.850000000000000000e+02,-3.300000000000000000e+01,4.950000000000000000e+02
1.689068173011770368e+18,-3.990000000000000000e+02,-9.000000000000000000e+00,4.800000000000000000e+02
1.689068173011782656e+18,-4.310000000000000000e+02,-2.800000000000000000e+01,5.260000000000000000e+02
1.689068173011794432e+18,-4.630000000000000000e+02,-5.600000000000000000e+01,6.110000000000000000e+02
1.689068173011806720e+18,-4.880000000000000000e+02,-6.300000000000000000e+01,6.470000000000000000e+02
1.689068173011818496e+18,-4.790000000000000000e+02,-6.700000000000000000e+01,7.100000000000000000e+02
1.689068173011830784e+18,-5.520000000000000000e+02,-1.590000000000000000e+02,7.370000000000000000e+02
1.689068173011842816e+18,-6.370000000000000000e+02,-2.960000000000000000e+02,7.200000000000000000e+02
1.689068173011858432e+18,-6.040000000000000000e+02,-3.320000000000000000e+02,7.190000000000000000e+02
1.689068173011870976e+18,-4.710000000000000000e+02,-2.250000000000000000e+02,7.280000000000000000e+02
1.689068173011883776e+18,-2.810000000000000000e+02,-1.530000000000000000e+02,7.160000000000000000e+02
1.689068173011896320e+18,-1.170000000000000000e+02,-2.430000000000000000e+02,7.200000000000000000e+02
1.689068173011908608e+18,1.700000000000000000e+01,-3.110000000000000000e+02,6.810000000000000000e+02
1.689068173011920896e+18,1.400000000000000000e+02,-2.070000000000000000e+02,6.110000000000000000e+02
1.689068173011933184e+18,2.190000000000000000e+02,-1.400000000000000000e+02,5.190000000000000000e+02
1.689068173011945472e+18,2.630000000000000000e+02,-1.990000000000000000e+02,4.230000000000000000e+02
1.689068173011957760e+18,3.190000000000000000e+02,-2.030000000000000000e+02,3.930000000000000000e+02
1.689068173011970048e+18,3.390000000000000000e+02,-1.440000000000000000e+02,3.430000000000000000e+02
1.689068173011982080e+18,3.440000000000000000e+02,-8.300000000000000000e+01,2.910000000000000000e+02
1.689068173011994112e+18,3.420000000000000000e+02,-7.100000000000000000e+01,2.920000000000000000e+02
1.689068173012006144e+18,3.340000000000000000e+02,-5.100000000000000000e+01,2.910000000000000000e+02
1.689068173012018176e+18,3.260000000000000000e+02,-3.300000000000000000e+01,2.280000000000000000e+02
1.689068173012030464e+18,3.080000000000000000e+02,-2.000000000000000000e+01,1.950000000000000000e+02
1.689068173012042496e+18,2.710000000000000000e+02,-6.200000000000000000e+01,1.880000000000000000e+02
1.689068173012056064e+18,2.440000000000000000e+02,-1.150000000000000000e+02,2.190000000000000000e+02
1.689068173012068608e+18,2.360000000000000000e+02,-9.900000000000000000e+01,2.630000000000000000e+02
1.689068173012080896e+18,2.410000000000000000e+02,-1.200000000000000000e+01,2.360000000000000000e+02
1.689068173012093184e+18,2.520000000000000000e+02,1.700000000000000000e+01,2.490000000000000000e+02
1.689068173012105472e+18,2.460000000000000000e+02,-6.700000000000000000e+01,3.590000000000000000e+02
1.689068173012117760e+18,2.140000000000000000e+02,-1.770000000000000000e+02,4.470000000000000000e+02
1.689068173012130304e+18,2.540000000000000000e+02,-1.470000000000000000e+02,4.550000000000000000e+02
1.689068173012142592e+18,3.480000000000000000e+02,-1.290000000000000000e+02,4.720000000000000000e+02
1.689068173012155136e+18,3.900000000000000000e+02,-2.230000000000000000e+02,5.150000000000000000e+02
1.689068173012167424e+18,4.480000000000000000e+02,-3.550000000000000000e+02,4.920000000000000000e+02
1.689068173012179712e+18,5.470000000000000000e+02,-3.610000000000000000e+02,4.510000000000000000e+02
1.689068173012191744e+18,5.630000000000000000e+02,-2.430000000000000000e+02,4.320000000000000000e+02
1.689068173012205568e+18,5.630000000000000000e+02,-1.420000000000000000e+02,4.220000000000000000e+02
1.689068173012217856e+18,5.180000000000000000e+02,-1.520000000000000000e+02,3.550000000000000000e+02
1.689068173012229888e+18,4.700000000000000000e+02,-2.490000000000000000e+02,2.920000000000000000e+02
1.689068173012242176e+18,4.230000000000000000e+02,-2.950000000000000000e+02,2.780000000000000000e+02
1.689068173012261632e+18,3.590000000000000000e+02,-2.000000000000000000e+02,3.160000000000000000e+02
1.689068173012273920e+18,2.600000000000000000e+02,-2.600000000000000000e+02,3.320000000000000000e+02
1.689068173012286720e+18,2.190000000000000000e+02,-4.270000000000000000e+02,3.290000000000000000e+02
1.689068173012301568e+18,2.040000000000000000e+02,-4.240000000000000000e+02,2.630000000000000000e+02
1.689068173012314368e+18,1.790000000000000000e+02,-2.480000000000000000e+02,2.410000000000000000e+02
1.689068173012327168e+18,1.400000000000000000e+02,-1.830000000000000000e+02,2.630000000000000000e+02
1.689068173012339712e+18,5.600000000000000000e+01,-3.350000000000000000e+02,2.870000000000000000e+02
1.689068173012352000e+18,3.800000000000000000e+01,-4.250000000000000000e+02,2.550000000000000000e+02
1.689068173012364544e+18,3.900000000000000000e+01,-4.010000000000000000e+02,2.230000000000000000e+02
1.689068173012377344e+18,-7.200000000000000000e+01,-3.960000000000000000e+02,2.600000000000000000e+02
1.689068173012389888e+18,-1.450000000000000000e+02,-5.310000000000000000e+02,3.290000000000000000e+02
1.689068173012402176e+18,-2.020000000000000000e+02,-7.080000000000000000e+02,3.560000000000000000e+02
1.689068173012414720e+18,-2.720000000000000000e+02,-7.110000000000000000e+02,3.080000000000000000e+02
1.689068173012427008e+18,-2.310000000000000000e+02,-7.190000000000000000e+02,3.150000000000000000e+02
1.689068173012439552e+18,-7.300000000000000000e+01,-8.170000000000000000e+02,3.820000000000000000e+02
1.689068173012451584e+18,4.800000000000000000e+01,-8.760000000000000000e+02,3.980000000000000000e+02
1.689068173012463872e+18,7.000000000000000000e+00,-7.800000000000000000e+02,3.270000000000000000e+02
1.689068173012476672e+18,-3.600000000000000000e+01,-6.170000000000000000e+02,2.840000000000000000e+02
1.689068173012491520e+18,1.500000000000000000e+01,-5.720000000000000000e+02,3.370000000000000000e+02
1.689068173012503808e+18,1.100000000000000000e+02,-5.000000000000000000e+02,3.870000000000000000e+02
1.689068173012517376e+18,2.950000000000000000e+02,-4.430000000000000000e+02,3.630000000000000000e+02
1.689068173012531968e+18,3.760000000000000000e+02,-4.080000000000000000e+02,2.870000000000000000e+02
1.689068173012544768e+18,2.680000000000000000e+02,-3.480000000000000000e+02,2.520000000000000000e+02
1.689068173012556800e+18,2.320000000000000000e+02,-2.750000000000000000e+02,2.810000000000000000e+02
1.689068173012569088e+18,3.000000000000000000e+02,-2.240000000000000000e+02,3.440000000000000000e+02
1.689068173012581376e+18,3.180000000000000000e+02,-1.830000000000000000e+02,3.280000000000000000e+02
1.689068173012593408e+18,3.120000000000000000e+02,-1.290000000000000000e+02,2.240000000000000000e+02
1.689068173012605696e+18,3.270000000000000000e+02,-3.500000000000000000e+01,1.510000000000000000e+02
1.689068173012617984e+18,3.070000000000000000e+02,2.300000000000000000e+01,1.550000000000000000e+02
1.689068173012630016e+18,2.540000000000000000e+02,-1.000000000000000000e+00,1.850000000000000000e+02
1.689068173012642048e+18,1.990000000000000000e+02,1.000000000000000000e+00,2.160000000000000000e+02
1.689068173012654592e+18,1.590000000000000000e+02,7.300000000000000000e+01,2.410000000000000000e+02
1.689068173012666624e+18,1.660000000000000000e+02,1.360000000000000000e+02,2.200000000000000000e+02
1.689068173012678912e+18,1.670000000000000000e+02,5.600000000000000000e+01,1.880000000000000000e+02
1.689068173012690944e+18,1.560000000000000000e+02,-5.500000000000000000e+01,2.240000000000000000e+02
1.689068173012703232e+18,1.760000000000000000e+02,-7.300000000000000000e+01,3.000000000000000000e+02
1.689068173012715520e+18,1.420000000000000000e+02,-3.600000000000000000e+01,3.900000000000000000e+02
1.689068173012727552e+18,6.500000000000000000e+01,-3.000000000000000000e+00,4.990000000000000000e+02
1.689068173012739840e+18,3.500000000000000000e+01,-4.900000000000000000e+01,5.800000000000000000e+02
1.689068173012751616e+18,5.100000000000000000e+01,-1.270000000000000000e+02,6.510000000000000000e+02
1.689068173012769280e+18,5.400000000000000000e+01,-9.200000000000000000e+01,6.640000000000000000e+02
1.689068173012781568e+18,8.300000000000000000e+01,-5.500000000000000000e+01,6.080000000000000000e+02
1.689068173012793856e+18,1.310000000000000000e+02,-7.900000000000000000e+01,5.600000000000000000e+02
1.689068173012806144e+18,1.120000000000000000e+02,-1.080000000000000000e+02,5.560000000000000000e+02
1.689068173012818432e+18,6.400000000000000000e+01,-1.270000000000000000e+02,5.740000000000000000e+02
1.689068173012830976e+18,1.700000000000000000e+01,-1.230000000000000000e+02,5.850000000000000000e+02
1.689068173012844800e+18,-1.300000000000000000e+01,-9.600000000000000000e+01,5.690000000000000000e+02
1.689068173012856832e+18,-2.400000000000000000e+01,-5.400000000000000000e+01,5.500000000000000000e+02
1.689068173012869120e+18,-1.300000000000000000e+01,-3.300000000000000000e+01,5.420000000000000000e+02
1.689068173012881408e+18,-4.000000000000000000e+01,-3.900000000000000000e+01,5.560000000000000000e+02
1.689068173012899584e+18,-7.700000000000000000e+01,-4.700000000000000000e+01,5.600000000000000000e+02
1.689068173012911872e+18,-9.300000000000000000e+01,-3.500000000000000000e+01,5.470000000000000000e+02
1.689068173012923904e+18,-1.000000000000000000e+02,-4.400000000000000000e+01,5.560000000000000000e+02
1.689068173012936192e+18,-1.090000000000000000e+02,-3.500000000000000000e+01,5.720000000000000000e+02
1.689068173012948480e+18,-1.430000000000000000e+02,-7.000000000000000000e+00,5.980000000000000000e+02
1.689068173012960512e+18,-1.770000000000000000e+02,8.000000000000000000e+00,5.910000000000000000e+02
1.689068173012973056e+18,-1.920000000000000000e+02,4.000000000000000000e+00,6.090000000000000000e+02
1.689068173012985600e+18,-2.420000000000000000e+02,-2.800000000000000000e+01,6.940000000000000000e+02
1.689068173012997888e+18,-3.590000000000000000e+02,-3.100000000000000000e+01,8.110000000000000000e+02
1.689068173013010176e+18,-5.200000000000000000e+02,-2.200000000000000000e+01,9.160000000000000000e+02
1.689068173013022720e+18,-6.630000000000000000e+02,-2.400000000000000000e+01,1.023000000000000000e+03
1.689068173013035008e+18,-6.960000000000000000e+02,-7.000000000000000000e+01,1.089000000000000000e+03
1.689068173013047296e+18,-6.020000000000000000e+02,-7.300000000000000000e+01,1.033000000000000000e+03
1.689068173013059840e+18,-4.660000000000000000e+02,-5.400000000000000000e+01,8.750000000000000000e+02
1.689068173013072640e+18,-3.430000000000000000e+02,-6.000000000000000000e+01,7.500000000000000000e+02
1.689068173013084928e+18,-2.690000000000000000e+02,-9.700000000000000000e+01,6.840000000000000000e+02
1.689068173013097216e+18,-2.090000000000000000e+02,-8.400000000000000000e+01,6.150000000000000000e+02
1.689068173013109504e+18,-1.530000000000000000e+02,-6.300000000000000000e+01,5.510000000000000000e+02
1.689068173013123840e+18,-6.400000000000000000e+01,-5.200000000000000000e+01,5.110000000000000000e+02
1.689068173013135872e+18,9.000000000000000000e+00,-5.600000000000000000e+01,4.700000000000000000e+02
1.689068173013148672e+18,7.900000000000000000e+01,-5.600000000000000000e+01,3.990000000000000000e+02
1.689068173013160704e+18,1.240000000000000000e+02,-6.800000000000000000e+01,3.070000000000000000e+02
1.689068173013172992e+18,1.390000000000000000e+02,-5.100000000000000000e+01,2.750000000000000000e+02
1.689068173013185024e+18,1.350000000000000000e+02,-4.400000000000000000e+01,2.720000000000000000e+02
1.689068173013197056e+18,1.400000000000000000e+02,-4.400000000000000000e+01,2.650000000000000000e+02
1.689068173013209088e+18,1.400000000000000000e+02,-4.800000000000000000e+01,2.380000000000000000e+02
1.689068173013221376e+18,1.370000000000000000e+02,-6.300000000000000000e+01,2.310000000000000000e+02
1.689068173013233408e+18,1.530000000000000000e+02,-9.400000000000000000e+01,2.120000000000000000e+02
1.689068173013245696e+18,1.720000000000000000e+02,-1.080000000000000000e+02,2.040000000000000000e+02
1.689068173013257728e+18,1.670000000000000000e+02,-9.700000000000000000e+01,2.160000000000000000e+02
1.689068173013270272e+18,1.500000000000000000e+02,-1.080000000000000000e+02,2.380000000000000000e+02
1.689068173013282560e+18,1.550000000000000000e+02,-9.200000000000000000e+01,2.600000000000000000e+02
1.689068173013294592e+18,1.630000000000000000e+02,-6.800000000000000000e+01,2.750000000000000000e+02
1.689068173013309184e+18,1.080000000000000000e+02,-1.050000000000000000e+02,3.500000000000000000e+02
1.689068173013321984e+18,-1.000000000000000000e+01,-2.800000000000000000e+02,4.960000000000000000e+02
1.689068173013334528e+18,-5.700000000000000000e+01,-3.850000000000000000e+02,6.040000000000000000e+02
1.689068173013346816e+18,-3.200000000000000000e+01,-3.960000000000000000e+02,6.640000000000000000e+02
1.689068173013358848e+18,-1.000000000000000000e+01,-4.110000000000000000e+02,6.810000000000000000e+02
1.689068173013373440e+18,5.100000000000000000e+01,-3.770000000000000000e+02,6.470000000000000000e+02
1.689068173013385728e+18,1.120000000000000000e+02,-3.590000000000000000e+02,5.790000000000000000e+02
1.689068173013398016e+18,1.500000000000000000e+02,-2.910000000000000000e+02,5.420000000000000000e+02
1.689068173013410304e+18,1.820000000000000000e+02,-2.460000000000000000e+02,5.260000000000000000e+02
1.689068173013426176e+18,2.160000000000000000e+02,-2.160000000000000000e+02,5.150000000000000000e+02
1.689068173013438464e+18,2.240000000000000000e+02,-1.680000000000000000e+02,4.860000000000000000e+02
1.689068173013450496e+18,2.150000000000000000e+02,-1.430000000000000000e+02,4.510000000000000000e+02
1.689068173013462528e+18,2.090000000000000000e+02,-1.420000000000000000e+02,4.320000000000000000e+02
1.689068173013475584e+18,2.070000000000000000e+02,-1.270000000000000000e+02,4.430000000000000000e+02
1.689068173013487616e+18,1.790000000000000000e+02,-1.390000000000000000e+02,4.440000000000000000e+02
1.689068173013499648e+18,1.590000000000000000e+02,-1.510000000000000000e+02,4.350000000000000000e+02
1.689068173013527552e+18,1.210000000000000000e+02,-1.530000000000000000e+02,4.400000000000000000e+02
1.689068173013547776e+18,9.400000000000000000e+01,-1.900000000000000000e+02,4.750000000000000000e+02
1.689068173013560320e+18,1.050000000000000000e+02,-2.200000000000000000e+02,5.210000000000000000e+02
1.689068173013572864e+18,8.300000000000000000e+01,-2.520000000000000000e+02,5.660000000000000000e+02
1.689068173013585152e+18,2.400000000000000000e+01,-3.230000000000000000e+02,6.310000000000000000e+02
1.689068173013597696e+18,-6.400000000000000000e+01,-4.110000000000000000e+02,7.280000000000000000e+02
1.689068173013609728e+18,-1.480000000000000000e+02,-4.790000000000000000e+02,8.330000000000000000e+02
1.689068173013622016e+18,-1.840000000000000000e+02,-5.280000000000000000e+02,8.890000000000000000e+02
1.689068173013634304e+18,-1.410000000000000000e+02,-5.500000000000000000e+02,8.630000000000000000e+02
1.689068173013646592e+18,-9.300000000000000000e+01,-5.850000000000000000e+02,8.140000000000000000e+02
1.689068173013658880e+18,-6.400000000000000000e+01,-5.390000000000000000e+02,7.450000000000000000e+02
1.689068173013671168e+18,-4.900000000000000000e+01,-5.050000000000000000e+02,6.470000000000000000e+02
1.689068173013683456e+18,-2.900000000000000000e+01,-4.380000000000000000e+02,5.510000000000000000e+02
1.689068173013695744e+18,7.000000000000000000e+00,-4.010000000000000000e+02,4.970000000000000000e+02
1.689068173013708032e+18,3.500000000000000000e+01,-3.480000000000000000e+02,4.830000000000000000e+02
1.689068173013720320e+18,4.700000000000000000e+01,-2.970000000000000000e+02,4.780000000000000000e+02
1.689068173013732352e+18,7.900000000000000000e+01,-2.650000000000000000e+02,4.330000000000000000e+02
1.689068173013744640e+18,1.110000000000000000e+02,-1.920000000000000000e+02,3.820000000000000000e+02
1.689068173013756928e+18,1.470000000000000000e+02,-1.400000000000000000e+02,3.610000000000000000e+02
1.689068173013771264e+18,1.590000000000000000e+02,-1.110000000000000000e+02,3.710000000000000000e+02
1.689068173013783552e+18,1.240000000000000000e+02,-6.000000000000000000e+01,3.930000000000000000e+02
1.689068173013795584e+18,1.260000000000000000e+02,-1.900000000000000000e+01,3.480000000000000000e+02
1.689068173013807872e+18,1.400000000000000000e+02,2.100000000000000000e+01,3.270000000000000000e+02
1.689068173013820160e+18,1.360000000000000000e+02,1.200000000000000000e+01,3.500000000000000000e+02
1.689068173013832704e+18,1.200000000000000000e+02,5.000000000000000000e+01,3.910000000000000000e+02
1.689068173013848832e+18,1.120000000000000000e+02,7.900000000000000000e+01,4.360000000000000000e+02
1.689068173013861376e+18,1.030000000000000000e+02,2.300000000000000000e+01,4.190000000000000000e+02
1.689068173013873664e+18,1.350000000000000000e+02,-1.900000000000000000e+01,4.480000000000000000e+02
1.689068173013890816e+18,5.100000000000000000e+01,-7.600000000000000000e+01,4.730000000000000000e+02
1.689068173013914624e+18,1.500000000000000000e+01,-1.180000000000000000e+02,4.920000000000000000e+02
1.689068173013932032e+18,2.200000000000000000e+01,-1.790000000000000000e+02,4.960000000000000000e+02
1.689068173013945344e+18,-5.000000000000000000e+00,-2.080000000000000000e+02,5.150000000000000000e+02
1.689068173013958400e+18,6.000000000000000000e+00,-9.900000000000000000e+01,5.280000000000000000e+02
1.689068173013971200e+18,-1.600000000000000000e+01,-7.600000000000000000e+01,5.750000000000000000e+02
1.689068173013983744e+18,-3.600000000000000000e+01,-1.880000000000000000e+02,6.270000000000000000e+02
1.689068173013996288e+18,-2.300000000000000000e+01,-2.520000000000000000e+02,5.270000000000000000e+02
1.689068173014008576e+18,1.100000000000000000e+01,-3.150000000000000000e+02,4.220000000000000000e+02
1.689068173014021376e+18,-2.600000000000000000e+01,-3.360000000000000000e+02,4.840000000000000000e+02
1.689068173014034176e+18,-5.000000000000000000e+01,-1.870000000000000000e+02,5.190000000000000000e+02
1.689068173014046720e+18,-2.900000000000000000e+01,-1.630000000000000000e+02,4.550000000000000000e+02
1.689068173014059520e+18,-2.000000000000000000e+00,-3.020000000000000000e+02,4.090000000000000000e+02
1.689068173014074880e+18,-1.500000000000000000e+01,-3.160000000000000000e+02,4.310000000000000000e+02
1.689068173014087680e+18,-5.700000000000000000e+01,-1.690000000000000000e+02,4.250000000000000000e+02
1.689068173014100224e+18,-7.400000000000000000e+01,-1.040000000000000000e+02,4.080000000000000000e+02
1.689068173014112512e+18,-4.800000000000000000e+01,-1.050000000000000000e+02,4.240000000000000000e+02
1.689068173014124800e+18,-1.700000000000000000e+01,-1.080000000000000000e+02,4.190000000000000000e+02
1.689068173014137344e+18,-4.100000000000000000e+01,-6.000000000000000000e+01,4.090000000000000000e+02
1.689068173014150912e+18,-7.200000000000000000e+01,-1.000000000000000000e+00,3.960000000000000000e+02
1.689068173014163456e+18,-6.300000000000000000e+01,4.200000000000000000e+01,4.080000000000000000e+02
1.689068173014176000e+18,-6.800000000000000000e+01,2.300000000000000000e+01,4.440000000000000000e+02
1.689068173014188544e+18,-1.060000000000000000e+02,-2.200000000000000000e+01,4.730000000000000000e+02
1.689068173014207232e+18,-1.160000000000000000e+02,-3.200000000000000000e+01,4.630000000000000000e+02
1.689068173014219776e+18,-1.140000000000000000e+02,3.200000000000000000e+01,5.270000000000000000e+02
1.689068173014232320e+18,-2.120000000000000000e+02,7.400000000000000000e+01,6.120000000000000000e+02
1.689068173014245120e+18,-4.170000000000000000e+02,-1.000000000000000000e+00,7.550000000000000000e+02
1.689068173014257664e+18,-6.900000000000000000e+02,-2.220000000000000000e+02,9.360000000000000000e+02
1.689068173014270208e+18,-8.930000000000000000e+02,-4.030000000000000000e+02,1.086000000000000000e+03
1.689068173014282752e+18,-1.037000000000000000e+03,-3.600000000000000000e+02,1.160000000000000000e+03
1.689068173014295296e+18,-9.810000000000000000e+02,-2.630000000000000000e+02,1.095000000000000000e+03
1.689068173014307328e+18,-7.690000000000000000e+02,-2.710000000000000000e+02,9.750000000000000000e+02
1.689068173014319872e+18,-6.070000000000000000e+02,-2.380000000000000000e+02,8.330000000000000000e+02
1.689068173014333440e+18,-4.720000000000000000e+02,-1.430000000000000000e+02,6.470000000000000000e+02
1.689068173014345728e+18,-3.140000000000000000e+02,-3.300000000000000000e+01,5.040000000000000000e+02
1.689068173014357760e+18,-1.770000000000000000e+02,-7.000000000000000000e+00,4.190000000000000000e+02
1.689068173014369792e+18,-5.000000000000000000e+01,-3.000000000000000000e+01,3.390000000000000000e+02
1.689068173014382080e+18,6.200000000000000000e+01,-2.500000000000000000e+01,2.710000000000000000e+02
1.689068173014394368e+18,1.670000000000000000e+02,-9.000000000000000000e+00,1.930000000000000000e+02
1.689068173014406912e+18,2.220000000000000000e+02,1.700000000000000000e+01,1.690000000000000000e+02
1.689068173014419200e+18,2.080000000000000000e+02,6.800000000000000000e+01,1.830000000000000000e+02
1.689068173014434048e+18,1.850000000000000000e+02,4.100000000000000000e+01,1.820000000000000000e+02
1.689068173014446336e+18,1.950000000000000000e+02,8.000000000000000000e+00,1.560000000000000000e+02
1.689068173014458624e+18,2.160000000000000000e+02,7.000000000000000000e+00,1.670000000000000000e+02
1.689068173014470912e+18,1.680000000000000000e+02,-8.000000000000000000e+00,2.160000000000000000e+02
1.689068173014483200e+18,1.080000000000000000e+02,-5.100000000000000000e+01,2.250000000000000000e+02
1.689068173014495744e+18,1.120000000000000000e+02,-1.080000000000000000e+02,2.070000000000000000e+02
1.689068173014517248e+18,1.120000000000000000e+02,-2.040000000000000000e+02,1.920000000000000000e+02
1.689068173014530048e+18,1.080000000000000000e+02,-2.360000000000000000e+02,2.090000000000000000e+02
1.689068173014542848e+18,8.300000000000000000e+01,-2.010000000000000000e+02,2.650000000000000000e+02
1.689068173014555136e+18,2.800000000000000000e+01,-2.640000000000000000e+02,3.040000000000000000e+02
1.689068173014567424e+18,4.100000000000000000e+01,-3.850000000000000000e+02,3.320000000000000000e+02
1.689068173014579456e+18,5.600000000000000000e+01,-4.630000000000000000e+02,3.960000000000000000e+02
1.689068173014591744e+18,1.400000000000000000e+01,-4.300000000000000000e+02,4.470000000000000000e+02
1.689068173014604032e+18,-4.000000000000000000e+01,-4.300000000000000000e+02,4.590000000000000000e+02
1.689068173014616064e+18,-9.300000000000000000e+01,-5.210000000000000000e+02,4.620000000000000000e+02
1.689068173014628096e+18,-1.040000000000000000e+02,-5.430000000000000000e+02,4.490000000000000000e+02
1.689068173014640384e+18,-1.440000000000000000e+02,-5.190000000000000000e+02,4.440000000000000000e+02
1.689068173014652672e+18,-1.690000000000000000e+02,-4.940000000000000000e+02,4.090000000000000000e+02
1.689068173014664704e+18,-1.460000000000000000e+02,-4.480000000000000000e+02,3.910000000000000000e+02
1.689068173014676992e+18,-1.450000000000000000e+02,-4.520000000000000000e+02,3.990000000000000000e+02
1.689068173014689024e+18,-1.510000000000000000e+02,-4.490000000000000000e+02,4.030000000000000000e+02
1.689068173014701568e+18,-1.350000000000000000e+02,-4.470000000000000000e+02,3.950000000000000000e+02
1.689068173014713856e+18,-1.200000000000000000e+02,-4.320000000000000000e+02,3.900000000000000000e+02
1.689068173014726144e+18,-1.270000000000000000e+02,-3.880000000000000000e+02,3.760000000000000000e+02
1.689068173014738176e+18,-1.410000000000000000e+02,-3.500000000000000000e+02,3.710000000000000000e+02
1.689068173014750464e+18,-1.480000000000000000e+02,-3.230000000000000000e+02,3.680000000000000000e+02
1.689068173014762752e+18,-1.650000000000000000e+02,-3.230000000000000000e+02,3.600000000000000000e+02
1.689068173014775040e+18,-1.830000000000000000e+02,-2.990000000000000000e+02,3.520000000000000000e+02
1.689068173014790912e+18,-1.940000000000000000e+02,-2.480000000000000000e+02,3.370000000000000000e+02
1.689068173014803712e+18,-1.540000000000000000e+02,-1.920000000000000000e+02,3.190000000000000000e+02
1.689068173014816256e+18,-1.530000000000000000e+02,-2.080000000000000000e+02,3.450000000000000000e+02
1.689068173014828544e+18,-1.910000000000000000e+02,-2.860000000000000000e+02,3.960000000000000000e+02
1.689068173014852608e+18,-1.570000000000000000e+02,-3.190000000000000000e+02,3.710000000000000000e+02
1.689068173014865408e+18,-1.200000000000000000e+02,-3.080000000000000000e+02,3.390000000000000000e+02
1.689068173014878720e+18,-1.320000000000000000e+02,-2.170000000000000000e+02,4.070000000000000000e+02
1.689068173014891008e+18,-1.440000000000000000e+02,-3.750000000000000000e+02,4.240000000000000000e+02
1.689068173014903552e+18,-1.570000000000000000e+02,-2.960000000000000000e+02,4.000000000000000000e+02
1.689068173014916096e+18,-2.080000000000000000e+02,-1.870000000000000000e+02,4.720000000000000000e+02
1.689068173014928384e+18,-2.120000000000000000e+02,-2.890000000000000000e+02,5.720000000000000000e+02
1.689068173014940928e+18,-3.190000000000000000e+02,-4.060000000000000000e+02,7.040000000000000000e+02
1.689068173014953216e+18,-2.230000000000000000e+02,-6.320000000000000000e+02,8.380000000000000000e+02
1.689068173014965248e+18,-1.590000000000000000e+02,-4.190000000000000000e+02,7.180000000000000000e+02
1.689068173014977536e+18,-1.440000000000000000e+02,-6.500000000000000000e+01,4.990000000000000000e+02
1.689068173014989824e+18,-2.010000000000000000e+02,-1.420000000000000000e+02,4.230000000000000000e+02
1.689068173015002112e+18,-2.210000000000000000e+02,-2.710000000000000000e+02,4.120000000000000000e+02
1.689068173015014656e+18,-2.080000000000000000e+02,-2.800000000000000000e+02,3.520000000000000000e+02
1.689068173015026944e+18,-1.920000000000000000e+02,-2.790000000000000000e+02,3.080000000000000000e+02
1.689068173015039232e+18,-2.160000000000000000e+02,-3.230000000000000000e+02,3.230000000000000000e+02
1.689068173015051776e+18,-2.410000000000000000e+02,-4.060000000000000000e+02,3.590000000000000000e+02
1.689068173015063808e+18,-2.070000000000000000e+02,-4.400000000000000000e+02,4.160000000000000000e+02
1.689068173015078400e+18,-1.760000000000000000e+02,-3.680000000000000000e+02,4.550000000000000000e+02
1.689068173015090944e+18,-1.610000000000000000e+02,-2.920000000000000000e+02,4.510000000000000000e+02
1.689068173015103232e+18,-1.770000000000000000e+02,-2.710000000000000000e+02,4.300000000000000000e+02
1.689068173015115520e+18,-1.600000000000000000e+02,-3.210000000000000000e+02,3.930000000000000000e+02
1.689068173015127808e+18,-1.570000000000000000e+02,-3.840000000000000000e+02,3.870000000000000000e+02
1.689068173015140352e+18,-1.800000000000000000e+02,-4.490000000000000000e+02,3.870000000000000000e+02
1.689068173015152640e+18,-2.000000000000000000e+02,-5.600000000000000000e+02,4.090000000000000000e+02
1.689068173015164672e+18,-1.640000000000000000e+02,-5.020000000000000000e+02,4.410000000000000000e+02
1.689068173015177216e+18,-1.440000000000000000e+02,-3.990000000000000000e+02,4.400000000000000000e+02
1.689068173015189504e+18,-1.270000000000000000e+02,-3.500000000000000000e+02,4.190000000000000000e+02
1.689068173015202048e+18,-9.800000000000000000e+01,-4.230000000000000000e+02,3.920000000000000000e+02
1.689068173015214336e+18,-7.900000000000000000e+01,-4.830000000000000000e+02,3.710000000000000000e+02
1.689068173015226624e+18,-7.200000000000000000e+01,-4.670000000000000000e+02,3.710000000000000000e+02
1.689068173015239168e+18,-8.800000000000000000e+01,-3.510000000000000000e+02,3.580000000000000000e+02
1.689068173015251456e+18,-8.800000000000000000e+01,-2.300000000000000000e+02,3.190000000000000000e+02
1.689068173015263744e+18,-9.500000000000000000e+01,-3.100000000000000000e+02,2.760000000000000000e+02
1.689068173015276032e+18,-9.600000000000000000e+01,-4.480000000000000000e+02,2.200000000000000000e+02
1.689068173015288320e+18,-1.110000000000000000e+02,-4.870000000000000000e+02,1.680000000000000000e+02
1.689068173015300864e+18,-1.410000000000000000e+02,-4.480000000000000000e+02,1.630000000000000000e+02
1.689068173015313152e+18,-1.560000000000000000e+02,-3.930000000000000000e+02,1.840000000000000000e+02
1.689068173015325696e+18,-1.370000000000000000e+02,-3.480000000000000000e+02,2.070000000000000000e+02
1.689068173015337984e+18,-1.090000000000000000e+02,-2.940000000000000000e+02,2.040000000000000000e+02
1.689068173015352576e+18,-9.200000000000000000e+01,-2.780000000000000000e+02,1.690000000000000000e+02
1.689068173015365376e+18,-9.300000000000000000e+01,-3.310000000000000000e+02,1.740000000000000000e+02
1.689068173015377664e+18,-1.040000000000000000e+02,-3.960000000000000000e+02,1.990000000000000000e+02
1.689068173015390464e+18,-9.300000000000000000e+01,-4.240000000000000000e+02,1.710000000000000000e+02
1.689068173015403776e+18,-8.000000000000000000e+01,-4.390000000000000000e+02,1.360000000000000000e+02
1.689068173015416064e+18,-1.000000000000000000e+02,-4.870000000000000000e+02,1.130000000000000000e+02
1.689068173015429632e+18,-1.530000000000000000e+02,-6.490000000000000000e+02,1.040000000000000000e+02
1.689068173015441920e+18,-1.530000000000000000e+02,-6.380000000000000000e+02,1.400000000000000000e+02
1.689068173015454208e+18,-1.570000000000000000e+02,-5.020000000000000000e+02,1.830000000000000000e+02
1.689068173015466752e+18,-1.360000000000000000e+02,-4.400000000000000000e+02,2.170000000000000000e+02
1.689068173015511296e+18,-1.360000000000000000e+02,-4.600000000000000000e+02,2.160000000000000000e+02
1.689068173015523840e+18,-1.300000000000000000e+02,-4.360000000000000000e+02,1.880000000000000000e+02
1.689068173015536128e+18,-1.320000000000000000e+02,-3.990000000000000000e+02,1.560000000000000000e+02
1.689068173015548416e+18,-1.450000000000000000e+02,-3.870000000000000000e+02,1.520000000000000000e+02
1.689068173015560448e+18,-1.760000000000000000e+02,-3.990000000000000000e+02,1.610000000000000000e+02
1.689068173015572736e+18,-1.800000000000000000e+02,-4.230000000000000000e+02,1.500000000000000000e+02
1.689068173015586048e+18,-1.370000000000000000e+02,-4.630000000000000000e+02,1.350000000000000000e+02
1.689068173015598336e+18,-1.190000000000000000e+02,-4.700000000000000000e+02,1.680000000000000000e+02
1.689068173015615744e+18,-1.320000000000000000e+02,-4.600000000000000000e+02,1.710000000000000000e+02
1.689068173015628032e+18,-1.480000000000000000e+02,-4.970000000000000000e+02,1.740000000000000000e+02
1.689068173015640576e+18,-1.320000000000000000e+02,-5.270000000000000000e+02,2.200000000000000000e+02
1.689068173015652864e+18,-1.760000000000000000e+02,-5.820000000000000000e+02,2.700000000000000000e+02
1.689068173015665408e+18,-2.000000000000000000e+02,-5.560000000000000000e+02,2.540000000000000000e+02
1.689068173015677696e+18,-1.800000000000000000e+02,-2.870000000000000000e+02,2.600000000000000000e+02
1.689068173015692288e+18,-1.690000000000000000e+02,-1.820000000000000000e+02,3.210000000000000000e+02
1.689068173015704576e+18,-1.530000000000000000e+02,-2.240000000000000000e+02,3.680000000000000000e+02
1.689068173015716608e+18,-1.570000000000000000e+02,-2.950000000000000000e+02,3.450000000000000000e+02
1.689068173015728896e+18,-1.600000000000000000e+02,-3.350000000000000000e+02,3.080000000000000000e+02
1.689068173015741184e+18,-1.400000000000000000e+02,-3.750000000000000000e+02,2.320000000000000000e+02
1.689068173015753728e+18,-1.700000000000000000e+02,-3.930000000000000000e+02,1.630000000000000000e+02
1.689068173015765760e+18,-2.080000000000000000e+02,-3.990000000000000000e+02,1.530000000000000000e+02
1.689068173015783936e+18,-2.200000000000000000e+02,-4.040000000000000000e+02,1.470000000000000000e+02
1.689068173015795968e+18,-2.320000000000000000e+02,-3.640000000000000000e+02,1.840000000000000000e+02
1.689068173015808000e+18,-2.740000000000000000e+02,-3.900000000000000000e+02,2.710000000000000000e+02
1.689068173015820288e+18,-2.880000000000000000e+02,-4.090000000000000000e+02,3.760000000000000000e+02
1.689068173015832576e+18,-2.650000000000000000e+02,-3.590000000000000000e+02,4.150000000000000000e+02
1.689068173015844864e+18,-2.470000000000000000e+02,-2.950000000000000000e+02,3.770000000000000000e+02
1.689068173015856896e+18,-2.440000000000000000e+02,-3.100000000000000000e+02,3.000000000000000000e+02
1.689068173015869184e+18,-2.580000000000000000e+02,-3.750000000000000000e+02,2.520000000000000000e+02
1.689068173015881472e+18,-2.390000000000000000e+02,-4.110000000000000000e+02,2.460000000000000000e+02
1.689068173015893760e+18,-2.170000000000000000e+02,-4.060000000000000000e+02,2.590000000000000000e+02
1.689068173015905792e+18,-2.150000000000000000e+02,-3.800000000000000000e+02,2.830000000000000000e+02
1.689068173015918080e+18,-2.210000000000000000e+02,-3.500000000000000000e+02,2.840000000000000000e+02
1.689068173015930368e+18,-2.320000000000000000e+02,-3.590000000000000000e+02,2.680000000000000000e+02
1.689068173015942400e+18,-2.370000000000000000e+02,-3.740000000000000000e+02,2.520000000000000000e+02
1.689068173015954432e+18,-2.440000000000000000e+02,-3.760000000000000000e+02,2.430000000000000000e+02
1.689068173015966464e+18,-2.440000000000000000e+02,-3.680000000000000000e+02,2.270000000000000000e+02
1.689068173015978496e+18,-2.560000000000000000e+02,-3.680000000000000000e+02,2.390000000000000000e+02
1.689068173015990528e+18,-2.480000000000000000e+02,-3.670000000000000000e+02,2.550000000000000000e+02
1.689068173016002560e+18,-2.400000000000000000e+02,-3.720000000000000000e+02,2.550000000000000000e+02
1.689068173016014592e+18,-2.390000000000000000e+02,-3.720000000000000000e+02,2.520000000000000000e+02
1.689068173016026624e+18,-2.480000000000000000e+02,-3.680000000000000000e+02,2.510000000000000000e+02
1.689068173016044032e+18,-2.550000000000000000e+02,-3.710000000000000000e+02,2.590000000000000000e+02
1.689068173016056576e+18,-2.500000000000000000e+02,-3.800000000000000000e+02,2.680000000000000000e+02
1.689068173016068864e+18,-2.440000000000000000e+02,-3.660000000000000000e+02,2.760000000000000000e+02
1.689068173016083456e+18,-2.370000000000000000e+02,-3.760000000000000000e+02,2.890000000000000000e+02
1.689068173016097280e+18,-2.250000000000000000e+02,-3.770000000000000000e+02,2.910000000000000000e+02
1.689068173016110080e+18,-2.170000000000000000e+02,-3.800000000000000000e+02,2.760000000000000000e+02
1.689068173016122624e+18,-2.120000000000000000e+02,-3.640000000000000000e+02,2.590000000000000000e+02
1.689068173016135168e+18,-2.210000000000000000e+02,-3.740000000000000000e+02,2.550000000000000000e+02
1.689068173016147456e+18,-2.280000000000000000e+02,-3.760000000000000000e+02,2.600000000000000000e+02
1.689068173016159744e+18,-2.410000000000000000e+02,-3.670000000000000000e+02,2.590000000000000000e+02
1.689068173016172288e+18,-2.440000000000000000e+02,-3.670000000000000000e+02,2.550000000000000000e+02
1.689068173016184832e+18,-2.440000000000000000e+02,-3.550000000000000000e+02,2.700000000000000000e+02
1.689068173016197120e+18,-2.390000000000000000e+02,-3.560000000000000000e+02,2.700000000000000000e+02
1.689068173016209152e+18,-2.260000000000000000e+02,-3.590000000000000000e+02,2.710000000000000000e+02
1.689068173016221440e+18,-2.280000000000000000e+02,-3.760000000000000000e+02,2.710000000000000000e+02
1.689068173016233472e+18,-2.120000000000000000e+02,-3.910000000000000000e+02,2.700000000000000000e+02
1.689068173016246016e+18,-2.080000000000000000e+02,-4.010000000000000000e+02,2.700000000000000000e+02
1.689068173016258304e+18,-1.960000000000000000e+02,-3.960000000000000000e+02,2.680000000000000000e+02
1.689068173016270592e+18,-1.850000000000000000e+02,-3.760000000000000000e+02,2.800000000000000000e+02
1.689068173016282624e+18,-1.910000000000000000e+02,-3.710000000000000000e+02,2.830000000000000000e+02
1.689068173016294656e+18,-1.930000000000000000e+02,-3.840000000000000000e+02,2.810000000000000000e+02
1.689068173016306944e+18,-2.000000000000000000e+02,-3.820000000000000000e+02,2.780000000000000000e+02
1.689068173016321024e+18,-2.070000000000000000e+02,-3.820000000000000000e+02,2.630000000000000000e+02
1.689068173016333056e+18,-2.090000000000000000e+02,-3.910000000000000000e+02,2.520000000000000000e+02
1.689068173016345344e+18,-2.090000000000000000e+02,-3.920000000000000000e+02,2.390000000000000000e+02
1.689068173016357376e+18,-2.120000000000000000e+02,-4.080000000000000000e+02,2.310000000000000000e+02
1.689068173016369664e+18,-2.070000000000000000e+02,-4.150000000000000000e+02,2.200000000000000000e+02
1.689068173016381696e+18,-2.000000000000000000e+02,-4.080000000000000000e+02,2.160000000000000000e+02
1.689068173016393728e+18,-2.050000000000000000e+02,-4.060000000000000000e+02,2.120000000000000000e+02
1.689068173016405760e+18,-2.050000000000000000e+02,-3.840000000000000000e+02,2.270000000000000000e+02
1.689068173016417792e+18,-2.090000000000000000e+02,-3.830000000000000000e+02,2.440000000000000000e+02
1.689068173016429824e+18,-2.070000000000000000e+02,-3.900000000000000000e+02,2.320000000000000000e+02
1.689068173016442368e+18,-2.000000000000000000e+02,-4.030000000000000000e+02,2.310000000000000000e+02
1.689068173016454144e+18,-2.050000000000000000e+02,-4.090000000000000000e+02,2.230000000000000000e+02
1.689068173016466432e+18,-1.930000000000000000e+02,-4.090000000000000000e+02,2.270000000000000000e+02
1.689068173016478464e+18,-1.940000000000000000e+02,-3.910000000000000000e+02,2.360000000000000000e+02
1.689068173016490496e+18,-2.100000000000000000e+02,-4.030000000000000000e+02,2.330000000000000000e+02
1.689068173016502528e+18,-2.020000000000000000e+02,-4.030000000000000000e+02,2.380000000000000000e+02
1.689068173016514560e+18,-2.010000000000000000e+02,-4.080000000000000000e+02,2.310000000000000000e+02
1.689068173016526592e+18,-1.990000000000000000e+02,-3.980000000000000000e+02,2.280000000000000000e+02
1.689068173016538880e+18,-2.010000000000000000e+02,-4.080000000000000000e+02,2.250000000000000000e+02
1.689068173016550912e+18,-1.920000000000000000e+02,-4.080000000000000000e+02,2.230000000000000000e+02
1.689068173016562944e+18,-1.930000000000000000e+02,-3.980000000000000000e+02,2.220000000000000000e+02
1.689068173016574976e+18,-1.910000000000000000e+02,-4.080000000000000000e+02,2.220000000000000000e+02
1.689068173016587008e+18,-1.920000000000000000e+02,-4.150000000000000000e+02,2.270000000000000000e+02
1.689068173016599040e+18,-1.920000000000000000e+02,-4.120000000000000000e+02,2.300000000000000000e+02
1.689068173016611072e+18,-1.890000000000000000e+02,-4.220000000000000000e+02,2.230000000000000000e+02
1.689068173016623360e+18,-1.830000000000000000e+02,-4.300000000000000000e+02,2.230000000000000000e+02
1.689068173016635648e+18,-1.700000000000000000e+02,-4.150000000000000000e+02,2.320000000000000000e+02
1.689068173016647680e+18,-1.640000000000000000e+02,-4.150000000000000000e+02,2.300000000000000000e+02
1.689068173016660992e+18,-1.560000000000000000e+02,-4.190000000000000000e+02,2.310000000000000000e+02
1.689068173016675328e+18,-1.490000000000000000e+02,-4.240000000000000000e+02,2.160000000000000000e+02
1.689068173016687872e+18,-1.440000000000000000e+02,-4.230000000000000000e+02,2.090000000000000000e+02
1.689068173016699904e+18,-1.490000000000000000e+02,-4.150000000000000000e+02,2.000000000000000000e+02
1.689068173016719104e+18,-1.570000000000000000e+02,-4.200000000000000000e+02,1.920000000000000000e+02
1.689068173016731392e+18,-1.600000000000000000e+02,-4.220000000000000000e+02,1.850000000000000000e+02
1.689068173016747520e+18,-1.680000000000000000e+02,-4.380000000000000000e+02,1.740000000000000000e+02
1.689068173016759808e+18,-1.680000000000000000e+02,-4.460000000000000000e+02,1.720000000000000000e+02
1.689068173016773888e+18,-1.760000000000000000e+02,-4.330000000000000000e+02,1.680000000000000000e+02
1.689068173016786688e+18,-1.760000000000000000e+02,-4.380000000000000000e+02,1.630000000000000000e+02
1.689068173016798976e+18,-1.700000000000000000e+02,-4.470000000000000000e+02,1.680000000000000000e+02
1.689068173016811008e+18,-1.600000000000000000e+02,-4.440000000000000000e+02,1.790000000000000000e+02
1.689068173016823296e+18,-1.450000000000000000e+02,-4.410000000000000000e+02,1.760000000000000000e+02
1.689068173016835584e+18,-1.370000000000000000e+02,-4.430000000000000000e+02,1.840000000000000000e+02
1.689068173016847872e+18,-1.440000000000000000e+02,-4.330000000000000000e+02,2.170000000000000000e+02
1.689068173016859904e+18,-1.360000000000000000e+02,-4.550000000000000000e+02,2.100000000000000000e+02
1.689068173016872192e+18,-1.250000000000000000e+02,-4.560000000000000000e+02,1.990000000000000000e+02
1.689068173016884224e+18,-1.090000000000000000e+02,-4.320000000000000000e+02,2.040000000000000000e+02
1.689068173016896512e+18,-9.000000000000000000e+01,-4.350000000000000000e+02,1.900000000000000000e+02
1.689068173016908544e+18,-7.600000000000000000e+01,-4.230000000000000000e+02,1.670000000000000000e+02
1.689068173016920832e+18,-6.500000000000000000e+01,-3.710000000000000000e+02,1.400000000000000000e+02
1.689068173016932608e+18,-7.700000000000000000e+01,-3.740000000000000000e+02,1.100000000000000000e+02
1.689068173016946944e+18,-1.040000000000000000e+02,-4.120000000000000000e+02,1.310000000000000000e+02
1.689068173016958976e+18,-1.520000000000000000e+02,-4.030000000000000000e+02,1.670000000000000000e+02
1.689068173016971008e+18,-1.920000000000000000e+02,-3.670000000000000000e+02,1.950000000000000000e+02
1.689068173016983040e+18,-2.250000000000000000e+02,-3.610000000000000000e+02,1.990000000000000000e+02
1.689068173016995072e+18,-2.530000000000000000e+02,-4.240000000000000000e+02,2.080000000000000000e+02
1.689068173017007104e+18,-2.170000000000000000e+02,-4.960000000000000000e+02,1.920000000000000000e+02
1.689068173017019648e+18,-1.670000000000000000e+02,-5.210000000000000000e+02,1.480000000000000000e+02
1.689068173017031936e+18,-1.250000000000000000e+02,-4.870000000000000000e+02,8.800000000000000000e+01
1.689068173017043968e+18,-1.120000000000000000e+02,-4.730000000000000000e+02,1.320000000000000000e+02
1.689068173017056256e+18,-1.060000000000000000e+02,-5.070000000000000000e+02,1.950000000000000000e+02
1.689068173017068544e+18,-1.360000000000000000e+02,-4.800000000000000000e+02,2.070000000000000000e+02
1.689068173017080832e+18,-2.080000000000000000e+02,-4.230000000000000000e+02,2.390000000000000000e+02
1.689068173017093120e+18,-2.680000000000000000e+02,-4.080000000000000000e+02,2.270000000000000000e+02
1.689068173017105152e+18,-2.580000000000000000e+02,-3.910000000000000000e+02,1.590000000000000000e+02
1.689068173017117440e+18,-2.440000000000000000e+02,-4.270000000000000000e+02,1.230000000000000000e+02
1.689068173017129472e+18,-2.280000000000000000e+02,-4.510000000000000000e+02,1.240000000000000000e+02
1.689068173017141504e+18,-2.310000000000000000e+02,-4.510000000000000000e+02,1.030000000000000000e+02
1.689068173017153792e+18,-2.760000000000000000e+02,-4.480000000000000000e+02,4.700000000000000000e+01
1.689068173017165824e+18,-3.430000000000000000e+02,-4.400000000000000000e+02,-9.000000000000000000e+00
1.689068173017178112e+18,-3.810000000000000000e+02,-4.670000000000000000e+02,-2.300000000000000000e+01
1.689068173017190144e+18,-3.530000000000000000e+02,-4.040000000000000000e+02,1.100000000000000000e+01
1.689068173017202176e+18,-3.380000000000000000e+02,-3.930000000000000000e+02,4.300000000000000000e+01
1.689068173017214208e+18,-3.530000000000000000e+02,-4.010000000000000000e+02,4.100000000000000000e+01
1.689068173017226496e+18,-3.610000000000000000e+02,-3.590000000000000000e+02,2.800000000000000000e+01
1.689068173017238784e+18,-3.850000000000000000e+02,-3.230000000000000000e+02,2.500000000000000000e+01
1.689068173017251072e+18,-4.010000000000000000e+02,-3.530000000000000000e+02,2.400000000000000000e+01
1.689068173017263104e+18,-4.610000000000000000e+02,-3.760000000000000000e+02,-8.000000000000000000e+00
1.689068173017275392e+18,-5.320000000000000000e+02,-3.900000000000000000e+02,-4.500000000000000000e+01
1.689068173017288704e+18,-5.060000000000000000e+02,-4.030000000000000000e+02,-6.000000000000000000e+01
1.689068173017300992e+18,-4.800000000000000000e+02,-3.600000000000000000e+02,-5.600000000000000000e+01
1.689068173017313024e+18,-4.810000000000000000e+02,-3.320000000000000000e+02,-3.600000000000000000e+01
1.689068173017325312e+18,-4.900000000000000000e+02,-3.210000000000000000e+02,-1.500000000000000000e+01
1.689068173017344512e+18,-4.000000000000000000e+02,-1.990000000000000000e+02,-7.000000000000000000e+00
1.689068173017358080e+18,-3.560000000000000000e+02,-1.500000000000000000e+02,3.000000000000000000e+00
1.689068173017370368e+18,-3.330000000000000000e+02,-2.070000000000000000e+02,1.900000000000000000e+01
1.689068173017382400e+18,-3.080000000000000000e+02,-1.920000000000000000e+02,1.500000000000000000e+01
1.689068173017397248e+18,-3.490000000000000000e+02,-7.000000000000000000e+00,-8.000000000000000000e+00
1.689068173017411072e+18,-3.570000000000000000e+02,-8.000000000000000000e+01,3.600000000000000000e+01
1.689068173017423872e+18,-5.120000000000000000e+02,-3.290000000000000000e+02,2.310000000000000000e+02
1.689068173017445376e+18,-5.450000000000000000e+02,-1.450000000000000000e+02,4.800000000000000000e+01
1.689068173017457152e+18,-5.440000000000000000e+02,-1.950000000000000000e+02,1.900000000000000000e+01
1.689068173017473536e+18,-4.470000000000000000e+02,-1.720000000000000000e+02,6.000000000000000000e+01
1.689068173017487104e+18,-4.410000000000000000e+02,-1.640000000000000000e+02,6.000000000000000000e+01
1.689068173017499648e+18,-4.130000000000000000e+02,-1.560000000000000000e+02,7.200000000000000000e+01
1.689068173017529344e+18,-3.850000000000000000e+02,-1.880000000000000000e+02,7.600000000000000000e+01
1.689068173017547776e+18,-3.860000000000000000e+02,-1.000000000000000000e+02,1.080000000000000000e+02
1.689068173017561600e+18,-3.990000000000000000e+02,-1.120000000000000000e+02,1.270000000000000000e+02
1.689068173017574400e+18,-4.150000000000000000e+02,-1.350000000000000000e+02,1.450000000000000000e+02
1.689068173017588224e+18,-4.260000000000000000e+02,-1.660000000000000000e+02,1.480000000000000000e+02
1.689068173017600512e+18,-4.560000000000000000e+02,-2.240000000000000000e+02,1.670000000000000000e+02
1.689068173017612800e+18,-4.730000000000000000e+02,-2.400000000000000000e+02,1.500000000000000000e+02
1.689068173017624832e+18,-4.710000000000000000e+02,-2.540000000000000000e+02,1.230000000000000000e+02
1.689068173017638400e+18,-4.930000000000000000e+02,-3.020000000000000000e+02,8.900000000000000000e+01
1.689068173017650688e+18,-5.200000000000000000e+02,-3.070000000000000000e+02,5.100000000000000000e+01
1.689068173017662720e+18,-5.250000000000000000e+02,-2.710000000000000000e+02,-1.700000000000000000e+01
1.689068173017675008e+18,-4.800000000000000000e+02,-2.700000000000000000e+02,-9.700000000000000000e+01
1.689068173017689856e+18,-3.970000000000000000e+02,-3.470000000000000000e+02,-1.770000000000000000e+02
1.689068173017703168e+18,-3.360000000000000000e+02,-3.190000000000000000e+02,-1.380000000000000000e+02
1.689068173017715456e+18,-3.140000000000000000e+02,-2.860000000000000000e+02,-1.450000000000000000e+02
1.689068173017729280e+18,-3.220000000000000000e+02,-1.820000000000000000e+02,-1.640000000000000000e+02
1.689068173017741568e+18,-3.030000000000000000e+02,-2.460000000000000000e+02,-1.730000000000000000e+02
1.689068173017754624e+18,-3.130000000000000000e+02,-2.250000000000000000e+02,-2.040000000000000000e+02
1.689068173017767936e+18,-3.190000000000000000e+02,-2.120000000000000000e+02,-1.810000000000000000e+02
1.689068173017781504e+18,-3.430000000000000000e+02,-1.910000000000000000e+02,-1.190000000000000000e+02
1.689068173017798144e+18,-3.510000000000000000e+02,-2.920000000000000000e+02,-5.500000000000000000e+01
1.689068173017810432e+18,-3.030000000000000000e+02,-2.640000000000000000e+02,-2.500000000000000000e+01
1.689068173017824256e+18,-2.810000000000000000e+02,-2.890000000000000000e+02,6.000000000000000000e+00
1.689068173017837312e+18,-2.880000000000000000e+02,-4.080000000000000000e+02,1.400000000000000000e+02
1.689068173017852160e+18,-2.130000000000000000e+02,-1.910000000000000000e+02,-1.190000000000000000e+02
